"AREA TERRITORIAL";"CODIGO CENTRO";"TIPO DE CENTRO";"CENTRO";"DOMICILIO";"MUNICIPIO";"DISTRITO MUNICIPAL";"COD. POSTAL";"TELEFONO";"FAX";"TITULARIDAD";"NOMBRE";
"Madrid-Capital";28063799;"CP INF-PRI-SEC";"ADOLFO SUAREZ";"Calle De La Infanta Catalina Micaela, 31 ";"Madrid";"Hortaleza";28050;917502058;917189274;"Público";"ADOLFO SUAREZ";"OK"
"Madrid-Capital";28063751;"CP INF-PRI";"AGUSTIN RODRIGUEZ SAHAGUN";"Calle De La Granja De San Ildefonso, 17-19 ";"Madrid";"Villa de Vallecas";28051;913324348;914941475;"Público";"AGUSTIN RODRIGUEZ SAHAGUN";"OK"
"Madrid-Capital";28004989;"CP INF-PRI";"AGUSTINA DIEZ";"Calle Del Vesubio, 5 ";"Madrid";"Puente de Vallecas";28038;917770073;917773052;"Público";"AGUSTINA DIEZ";"OK"
"Madrid-Capital";28004990;"CP INF-PRI";"ALBERTO ALCOCER";"Avenida Canillejas-vicalvaro, 56 ";"Madrid";"San Blas-Canillejas";28022;913202609;913200446;"Público";"ALBERTO ALCOCER";"OK"
"Madrid-Capital";28018393;"CP INF-PRI";"ALCALDE DE MOSTOLES";"Calle De Aldeanueva De La Vera, 9 ";"Madrid";"Latina";28044;917055465;915095129;"Público";"ALCALDE DE MOSTOLES";"OK"
"Madrid-Capital";28005003;"CP INF-PRI";"ALFONSO X EL SABIO";"Calle De La Fuente De San Pedro, 6 ";"Madrid";"Vicálvaro";28032;913719661;917765962;"Público";"ALFONSO X EL SABIO";"OK"
"Madrid-Capital";28077865;"CP INF-PRI";"ALFREDO DI STEFANO";"Calle De Félix Candela, 4 ";"Madrid";"Hortaleza";28055;660906527;"-";"Público";;"Colegio no incluido en BBDD de Ayuntamiento"
"Madrid-Capital";28038318;"CP INF-PRI";"ALHAMBRA";"Calle De Ramón Gómez De La Serna, 103 ";"Madrid";"Fuencarral-El Pardo";28035;913162273;913737021;"Público";"ALHAMBRA";"OK"
"Madrid-Capital";28066302;"CP INF-PRI";"ALVARO DE BAZAN";"Calle De Zurich, 10 ";"Madrid";"San Blas-Canillejas";28022;917757114;913067517;"Público";"ALVARO DE BAZAN";"OK"
"Madrid-Capital";28018401;"CP INF-PRI";"AMADEO VIVES";"Calle De Los Yébenes, 6 ";"Madrid";"Latina";28047;917183389;917199055;"Público";"AMADEO VIVES";"OK"
"Madrid-Capital";28010412;"CP INF-PRI";"AMADOR DE LOS RIOS";"Paseo Del Marqués De Zafra, 16 ";"Madrid";"Salamanca";28028;917252610;917261891;"Público";"AMADOR DE LOS RIOS";"OK"
"Madrid-Capital";28005854;"CP INF-PRI";"AMOS ACERO";"Calle De Rodríguez Espinosa, 54 ";"Madrid";"Puente de Vallecas";28053;914785161;914772415;"Público";"AMOS ACERO";"OK"
"Madrid-Capital";28077877;"CP INF-PRI";"ANGEL NIETO";"Calle De Enrique García Álvarez, S/n ";"Madrid";"Villa de Vallecas";28031;913053429;917517366;"Público";;"Colegio no incluido en BBDD de Ayuntamiento"
"Madrid-Capital";28021215;"CP INF-PRI";"ANTONIO DE NEBRIJA";"Calle De Juan José Martínez Seco, 77 ";"Madrid";"Villaverde";28021;917963500;915051317;"Público";"ANTONIO DE NEBRIJA";"OK"
"Madrid-Capital";28072478;"CP INF-PRI";"ANTONIO FONTAN";"Avenida Santuario De Valverde C/v Monasterio Arlanza, S/n ";"Madrid";"Fuencarral-El Pardo";28049;911722243;911720001;"Público";"ANTONIO FONTAN";"OK"
"Madrid-Capital";28005039;"CP INF-PRI";"ANTONIO MACHADO";"Calle De Allariz, 3 ";"Madrid";"Carabanchel";28044;915088661;914006788;"Público";"ANTONIO MACHADO";"OK"
"Madrid-Capital";28010874;"CP INF-PRI";"ANTONIO MORENO ROSALES";"Calle Del Olmo, 4 ";"Madrid";"Centro";28012;915390646;915390646;"Público";"ANTONIO MORENO ROSALES";"OK"
"Madrid-Capital";28033941;"CP INF-PRI";"ARAGON";"Avenida De Rafael Alberti, 2 ";"Madrid";"Puente de Vallecas";28038;913039852;913806367;"Público";"ARAGON";"OK"
"Madrid-Capital";28010424;"CP INF-PRI";"ARAVACA";"Calle Del Estudio, 6 ";"Madrid";"Moncloa-Aravaca";28023;913078119;913071832;"Público";"ARAVACA";"OK"
"Madrid-Capital";28006469;"CP INF-PRI";"ARCIPRESTE DE HITA";"Calle De Antonio Moreno, 25 ";"Madrid";"Carabanchel";28025;915605495;914605635;"Público";"ARCIPRESTE DE HITA";"OK"
"Madrid-Capital";28021124;"CP INF-PRI";"ARQUITECTO GAUDI";"Calle De Rosa Jardón, 10 ";"Madrid";"Chamartín";28016;913506564;913506564;"Público";"ARQUITECTO GAUDI";"OK"
"Madrid-Capital";28035524;"CP INF-PRI";"ASTURIAS";"Calle De Los Asturianos, 2 ";"Madrid";"Puente de Vallecas";28018;917770635;917850680;"Público";"ASTURIAS";"OK"
"Madrid-Capital";28071383;"CP INF-PRI";"AUSIAS MARCH";"Calle De La Estefanita, 9 ";"Madrid";"Villaverde";28021;917109916;917964694;"Público";"AUSIAS MARCH";"OK"
"Madrid-Capital";28005091;"CP INF-PRI";"AZORIN";"Calle De Godella, 57 ";"Madrid";"Villaverde";28021;917975733;917231639;"Público";"AZORIN";"OK"
"Madrid-Capital";28005106;"CP INF-PRI";"BARCELONA";"Avenida De La Verbena De La Paloma, 14 ";"Madrid";"Villaverde";28041;913603078;913179568;"Público";"BARCELONA";"OK"
"Madrid-Capital";28075777;"CP INF-PRI";"BLAS DE LEZO";"Calle De Fromista, 27 ";"Madrid";"Fuencarral-El Pardo";28050;912761564;917031658;"Público";"BLAS DE LEZO";"OK"
"Madrid-Capital";28035512;"CP INF-PRI";"BLAS DE OTERO";"Calle De Puentelarra, 34 ";"Madrid";"Villa de Vallecas";28031;913311550;913310535;"Público";"BLAS DE OTERO";"OK"
"Madrid-Capital";28005155;"CP INF-PRI";"BOLIVIA";"Calle De Villavaliente, 29 ";"Madrid";"Latina";28011;914649989;914649989;"Público";"BOLIVIA";"OK"
"Madrid-Capital";28021331;"CP INF-PRI";"BRAVO MURILLO";"Calle De Las Islas Cíes, 11 ";"Madrid";"Fuencarral-El Pardo";28035;917385793;917385793;"Público";"BRAVO MURILLO";"OK"
"Madrid-Capital";28031063;"CP INF-PRI";"BREOGAN";"Calle De Ginzo De Limia, 2 ";"Madrid";"Fuencarral-El Pardo";28029;917304040;917396184;"Público";"BREOGAN";"OK"
"Madrid-Capital";28037201;"CP INF-PRI";"CALDERON DE LA BARCA";"Calle De Calderón, 2 ";"Madrid";"Barajas";28042;917472465;917473130;"Público";"CALDERON DE LA BARCA";"OK"
"Madrid-Capital";28041755;"CP INF-PRI";"CAMILO JOSE CELA";"Calle De Melchor Fernández Almagro, 22 ";"Madrid";"Fuencarral-El Pardo";28029;917392424;913781507;"Público";"CAMILO JOSE CELA";"OK"
"Madrid-Capital";28005179;"CP INF-PRI";"CAPITAN CORTES";"Calle De Monseñor Oscar Romero, 17 ";"Madrid";"Carabanchel";28025;914628662;914619130;"Público";"CAPITAN CORTES";"OK"
"Madrid-Capital";28030198;"CP INF-PRI";"CARDENAL HERRERA ORIA";"Calle De Fermín Caballero, 68 ";"Madrid";"Fuencarral-El Pardo";28034;913781613;917385711;"Público";"CARDENAL HERRERA ORIA";"OK"
"Madrid-Capital";28020661;"CP INF-PRI";"CARLOS SAINZ DE LOS TERREROS";"Calle De Cartama, 1 ";"Madrid";"Puente de Vallecas";28018;917783885;917774420;"Público";"CARLOS SAINZ DE LOS TERREROS";"OK"
"Madrid-Capital";28010461;"CP INF-PRI";"CARLOS V";"Calle De La Virgen Del Val, 3 ";"Madrid";"Ciudad Lineal";28027;914041481;914052705;"Público";"CARLOS V";"OK"
"Madrid-Capital";28010473;"CP INF-PRI";"CARMEN CABEZUELO";"Calle De Cangas De Onís, 7 ";"Madrid";"San Blas-Canillejas";28037;913040117;913049991;"Público";"CARMEN CABEZUELO";"OK"
"Madrid-Capital";28071826;"CP INF-PRI";"CARMEN LAFORET";"Calle De Omega, 60 ";"Madrid";"Vicálvaro";28032;917760141;917604734;"Público";"CARMEN LAFORET";"OK"
"Madrid-Capital";28005210;"CP INF-PRI";"CERVANTES";"Calle De Raimundo Fernández Villaverde, 4 ";"Madrid";"Chamberí";28003;915330837;915330837;"Público";"CERVANTES";"OK"
"Madrid-Capital";28019439;"CP INF-PRI";"CIUDAD DE BADAJOZ";"Calle De Fray José Cerdeiriña, 51 ";"Madrid";"Latina";28024;917065611;917107103;"Público";"CIUDAD DE BADAJOZ";"OK"
"Madrid-Capital";28011684;"CP INF-PRI";"CIUDAD DE CORDOBA";"Calle De Lillo, 1 ";"Madrid";"Villaverde";28041;913172417;913179827;"Público";"CIUDAD DE CORDOBA";"OK"
"Madrid-Capital";28018502;"CP INF-PRI";"CIUDAD DE GUADALAJARA";"Calle Del Bergantín, 13 ";"Madrid";"Barajas";28042;917470938;917472064;"Público";"CIUDAD DE GUADALAJARA";"OK"
"Madrid-Capital";28004904;"CP INF-PRI";"CIUDAD DE JAEN";"Calle De La Madre Rosa Blanco_, 3 ";"Madrid";"Usera";28041;913174313;913171644;"Público";"CIUDAD DE JAEN";"OK"
"Madrid-Capital";28005234;"CP INF-PRI";"CIUDAD DE LOS ANGELES";"Calle De La Alegría De La Huerta, 6 ";"Madrid";"Villaverde";28041;917954993;915050434;"Público";"CIUDAD DE LOS ANGELES";"OK"
"Madrid-Capital";28031087;"CP INF-PRI";"CIUDAD DE ROMA";"Calle De Juan Esplandiu, 2 ";"Madrid";"Retiro";28007;915743897;915041695;"Público";"CIUDAD DE ROMA";"OK"
"Madrid-Capital";28020673;"CP INF-PRI";"CIUDAD DE VALENCIA";"Avenida Del Mediterráneo, Km 9 ";"Madrid";"Villa de Vallecas";28031;913310805;913312548;"Público";"CIUDAD DE VALENCIA";"OK"
"Madrid-Capital";28018708;"CP INF-PRI";"CIUDAD DE ZARAGOZA";"Calle De Manuel Aguilar Muñoz, 1 ";"Madrid";"Barajas";28042;913293756;912406061;"Público";"CIUDAD DE ZARAGOZA";"OK"
"Madrid-Capital";28005246;"CP INF-PRI";"CIUDAD PEGASO";"Avenida Séptima, 12 ";"Madrid";"San Blas-Canillejas";28022;917412017;917436218;"Público";"CIUDAD PEGASO";"OK"
"Madrid-Capital";28005258;"CP INF-PRI";"CLAUDIO MOYANO";"Calle De Cea Bermúdez, 26 ";"Madrid";"Chamberí";28003;915335718;915345924;"Público";"CLAUDIO MOYANO";"OK"
"Madrid-Capital";28033928;"CP INF-PRI";"COMPLEJO ESCOLAR PRINCIPE FELIPE";"Avenida De Monforte De Lemos, 24 ";"Madrid";"Fuencarral-El Pardo";28029;913146819;913232548;"Público";"COMPLEJO ESCOLAR PRINCIPE FELIPE";"OK"
"Madrid-Capital";28010497;"CP INF-PRI";"CONCEPCION ARENAL";"Calle De Antonio López, 1 ";"Madrid";"Carabanchel";28019;915652702;915650097;"Público";;"Colegio no incluido en BBDD de Ayuntamiento"
"Madrid-Capital";28021318;"CP INF-PRI";"CONCHA ESPINA";"Calle De Gerardo Diego, 6 ";"Madrid";"Puente de Vallecas";28018;917781461;917772584;"Público";"CONCHA ESPINA";"OK"
"Madrid-Capital";28005261;"CP INF-PRI";"CONDE DE ROMANONES";"Calle Del Elfo, 143 ";"Madrid";"Ciudad Lineal";28027;913673655;914080947;"Público";"CONDE DE ROMANONES";"OK"
"Madrid-Capital";28072995;"CP INF-PRI";"CORTES DE CADIZ";"Avenida De Niceto Alcalá Zamora C/v Isabel De Valois, S/n ";"Madrid";"Hortaleza";28050;911727223;911720746;"Público";"CORTES DE CADIZ";"OK"
"Madrid-Capital";28010527;"CP INF-PRI";"COSTA RICA";"Calle De Camarena, 247 ";"Madrid";"Latina";28047;917171601;917171601;"Público";"COSTA RICA";"OK"
"Madrid-Capital";28005271;"CP INF-PRI";"CRISTOBAL COLON";"Carretera De Carabanchel A Villaverde, 109 ";"Madrid";"Villaverde";28041;917973312;917973312;"Público";"CRISTOBAL COLON";"OK"
"Madrid-Capital";28010539;"CP INF-PRI";"CUBA";"Calle De Tembleque, 58 ";"Madrid";"Latina";28024;915187564;915180170;"Público";"CUBA";"OK"
"Madrid-Capital";28004266;"CP INF-PRI";"DAMASO ALONSO";"Avenida De Espinela, 1 ";"Madrid";"Villaverde";28021;917970620;917970620;"Público";"DAMASO ALONSO";"OK"
"Madrid-Capital";28021446;"CP INF-PRI";"DANIEL VAZQUEZ DIAZ";"Calle De Armenteros, 46 ";"Madrid";"Moncloa-Aravaca";28039;914505842;913117764;"Público";"DANIEL VAZQUEZ DIAZ";"OK"
"Madrid-Capital";28005076;"CP INF-PRI";"DE PRACTICAS ASUNCION RINCON";"Avenida De Filipinas, 5 ";"Madrid";"Chamberí";28003;915542118;915345120;"Público";"ASUNCION RINCON";"Colegio incluido en BBDD de Ayuntamiento con otro nombre"
"Madrid-Capital";28028854;"CP INF-PRI";"DIONISIO RIDRUEJO";"Calle De Zipaquira, 14 ";"Madrid";"Hortaleza";28033;917639188;917639188;"Público";"DIONISIO RIDRUEJO";"OK"
"Madrid-Capital";28010503;"CP INF-PRI";"DOCTOR CONDE ARRUGA";"Calle De Hacienda De Pavones, 105 ";"Madrid";"Moratalaz";28030;917732393;917737286;"Público";"DOCTOR CONDE ARRUGA";"OK"
"Madrid-Capital";28010552;"CP INF-PRI";"DOCTOR FEDERICO RUBIO";"Avenida Del Doctor Federico Rubio Y Galí, 53 ";"Madrid";"Tetuán";28039;914502091;914595006;"Público";"DOCTOR FEDERICO RUBIO";"OK"
"Madrid-Capital";28021422;"CP INF-PRI";"DOCTOR SEVERO OCHOA";"Calle De Ezcaray, 3 ";"Madrid";"Vicálvaro";28032;917752715;917750711;"Público";"DOCTOR SEVERO OCHOA";"OK"
"Madrid-Capital";28018459;"CP INF-PRI";"DOCTOR TOLOSA LATOUR";"Calle De Los Asturianos, 4 ";"Madrid";"Puente de Vallecas";28018;917784794;917777679;"Público";"DOCTOR TOLOSA LATOUR";"OK"
"Madrid-Capital";28005933;"CP INF-PRI";"EDUARDO ROJO";"Calle De Eduardo Rojo, 2 ";"Madrid";"Puente de Vallecas";28018;914774560;914784525;"Público";"EDUARDO ROJO";"OK"
"Madrid-Capital";28039360;"CP INF-PRI";"EE.UU. DE AMERICA-HUARTE DE SAN JUAN";"Paseo Del Comandante Fortea, 71 ";"Madrid";"Moncloa-Aravaca";28008;915418978;915594699;"Público";"EEUU - HUARTE DE SAN JUAN";"Colegio incluido en BBDD de Ayuntamiento con otro nombre"
"Madrid-Capital";28044434;"CP INF-PRI";"EL ESPINILLO";"Calle De La Unanimidad, 1 ";"Madrid";"Villaverde";28041;917237434;913180790;"Público";"EL ESPINILLO";"OK"
"Madrid-Capital";28060221;"CP INF-PRI";"EL GRECO";"Calle De La Estefanita, 7 ";"Madrid";"Villaverde";28021;917100008;917983281;"Público";"EL GRECO";"OK"
"Madrid-Capital";28038331;"CP INF-PRI";"EL MADROÑO";"Calle De Las Las Marismas, 14 ";"Madrid";"Puente de Vallecas";28038;915014668;915013612;"Público";"EL MADROÑO";"OK"
"Madrid-Capital";28042796;"CP INF-PRI";"EL QUIJOTE";"Calle De Fuentidueña, 4 ";"Madrid";"Villa de Vallecas";28031;913800214;913800246;"Público";"EL QUIJOTE";"OK"
"Madrid-Capital";28057015;"CP INF-PRI";"EL SOL";"Avenida De Canillejas A Vicálvaro, 82 ";"Madrid";"San Blas-Canillejas";28022;913060345;913060347;"Público";"EL SOL";"OK"
"Madrid-Capital";28005349;"CP INF-PRI";"EMILIA PARDO BAZAN";"Calle Del Ventorrillo, 14 ";"Madrid";"Centro";28005;915306059;915275184;"Público";"EMILIA PARDO BAZAN";"OK"
"Madrid-Capital";28010576;"CP INF-PRI";"ERMITA DEL SANTO";"Paseo De La Ermita Del Santo, 18 ";"Madrid";"Latina";28011;914642590;914642590;"Público";"ERMITA DEL SANTO";"OK"
"Madrid-Capital";28004965;"CP INF-PRI";"ESCUELAS AGUIRRE";"Calle De Pío Baroja, 4 ";"Madrid";"Retiro";28009;915741864;915044683;"Público";"ESCUELAS AGUIRRE";"OK"
"Madrid-Capital";28005167;"CP INF-PRI";"ESCUELAS BOSQUE";"Avenida De Santo Ángel De La Guarda, 4 ";"Madrid";"Moncloa-Aravaca";28039;914505060;914590557;"Público";"ESCUELAS BOSQUE";"OK"
"Madrid-Capital";28021409;"CP INF-PRI";"ESPERANZA";"Calle De Andorra, 12 ";"Madrid";"Hortaleza";28043;913003012;913003012;"Público";"ESPERANZA";"OK"
"Madrid-Capital";28032791;"CP INF-PRI";"EUGENIO MARIA DE HOSTOS";"Calle De Valdevarnés, 26 ";"Madrid";"Moncloa-Aravaca";28039;913736366;913866937;"Público";"EUGENIO MARIA DE HOSTOS";"OK"
"Madrid-Capital";28010591;"CP INF-PRI";"FELIPE II";"Calle Vía Límite, 12 ";"Madrid";"Tetuán";28029;913157353;917339393;"Público";"FELIPE II";"OK"
"Madrid-Capital";28010606;"CP INF-PRI";"FERNANDEZ MORATIN";"Avenida De Valladolid, 2 ";"Madrid";"Moncloa-Aravaca";28008;915479787;915596791;"Público";"FERNANDEZ DE MORATIN";"Colegio incluido en BBDD de Ayuntamiento con otro nombre"
"Madrid-Capital";28010618;"CP INF-PRI";"FERNANDO EL CATOLICO";"Calle De Fernando El Católico, 16 ";"Madrid";"Chamberí";28015;914442902;914469251;"Público";"FERNANDO EL CATOLICO";"OK"
"Madrid-Capital";28021291;"CP INF-PRI";"FILOSOFO SENECA";"Calle De Santa Adela, 21 ";"Madrid";"Hortaleza";28033;917638145;913817216;"Público";"FILOSOFO SENECA";"OK"
"Madrid-Capital";28026006;"CP INF-PRI";"FONTARRON";"Calle Del Arroyo Fontarrón, 24 ";"Madrid";"Moratalaz";28030;917720378;913050045;"Público";"FONTARRON";"OK"
"Madrid-Capital";28019397;"CP INF-PRI";"FRANCISCO ARRANZ";"Calle De Sondica, 2 ";"Madrid";"Latina";28044;917066882;917066882;"Público";"FRANCISCO ARRANZ";"OK"
"Madrid-Capital";28010680;"CP INF-PRI";"FRANCISCO DE GOYA";"Calle De Antillón, 23 ";"Madrid";"Latina";28011;914637472;914633270;"Público";"FRANCISCO DE GOYA";"OK"
"Madrid-Capital";28010643;"CP INF-PRI";"FRANCISCO DE LUIS";"Calle Del Corregidor Rodrigo Rodríguez, 5 ";"Madrid";"Moratalaz";28030;914394600;913284275;"Público";"FRANCISCO DE LUIS";"OK"
"Madrid-Capital";28005374;"CP INF-PRI";"FRANCISCO DE QUEVEDO";"Calle De Granada, 16 ";"Madrid";"Retiro";28007;915515211;914333827;"Público";"FRANCISCO DE QUEVEDO";"OK"
"Madrid-Capital";28005350;"CP INF-PRI";"FRANCISCO FATOU";"Camino De La Suerte, 23 ";"Madrid";"Villa de Vallecas";28031;913321050;913323222;"Público";"FRANCISCO FATOU";"OK"
"Madrid-Capital";28005386;"CP INF-PRI";"FRANCISCO RUANO";"Calle De Almuradiel, 150 ";"Madrid";"Puente de Vallecas";28053;917862196;917862196;"Público";"FRANCISCO RUANO";"OK"
"Madrid-Capital";28005404;"CP INF-PRI";"FRAY JUNIPERO SERRA";"Camino De Valderribas, 120 ";"Madrid";"Puente de Vallecas";28038;914304882;914376926;"Público";"FRAY JUNIPERO SERRA";"OK"
"Madrid-Capital";28063775;"CP INF-PRI";"GABRIELA MISTRAL";"Calle De Mirallos, 3 ";"Madrid";"Fuencarral-El Pardo";28050;913586549;913586557;"Público";"GABRIELA MISTRAL";"OK"
"Madrid-Capital";28031804;"CP INF-PRI";"GANDHI";"Calle De Gandhi, 10 ";"Madrid";"Ciudad Lineal";28017;917544592;913045222;"Público";"GANDHI";"OK"
"Madrid-Capital";28010655;"CP INF-PRI";"GARCIA MORENTE";"Ronda Sur, 229 ";"Madrid";"Puente de Vallecas";28053;917852016;917856013;"Público";"GARCIA MORENTE";"OK"
"Madrid-Capital";28037648;"CP INF-PRI";"GARCILASO DE LA VEGA";"Calle De Trefacio, 18 ";"Madrid";"Hortaleza";28043;913882060;917161701;"Público";"GARCILASO DE LA VEGA";"OK"
"Madrid-Capital";28026547;"CP INF-PRI";"GINER DE LOS RIOS";"Calle De Membezar, 25 ";"Madrid";"Puente de Vallecas";28053;917858021;917858021;"Público";"GINER DE LOS RIOS";"OK"
"Madrid-Capital";28035536;"CP INF-PRI";"GLORIA FUERTES";"Calle Del Censo, 3 ";"Madrid";"Usera";28041;913412180;913410018;"Público";"GLORIA FUERTES";"OK"
"Madrid-Capital";28006111;"CP INF-PRI";"GONZALO DE BERCEO";"Avenida De Abrantes, 5 ";"Madrid";"Carabanchel";28025;915697225;914692174;"Público";"GONZALO DE BERCEO";"OK"
"Madrid-Capital";28005441;"CP INF-PRI";"GONZALO FERNANDEZ DE CORDOBA";"Calle De Adanero, 3 ";"Madrid";"Latina";28024;917113625;917113735;"Público";"GONZALO FERNANDEZ DE CORDOBA";"OK"
"Madrid-Capital";28049365;"CP INF-PRI";"GUINDALERA";"Calle De Bóston, 1 ";"Madrid";"Salamanca";28028;917252437;917255776;"Público";"GUINDALERA";"OK"
"Madrid-Capital";28005465;"CP INF-PRI";"GUSTAVO ADOLFO BECQUER";"Calle De Santa Genoveva, 32 ";"Madrid";"Ciudad Lineal";28017;914051507;914053498;"Público";"GUSTAVO ADOLFO BECQUER";"OK"
"Madrid-Capital";28005477;"CP INF-PRI";"HAITI";"Calle De Guabairo, 22 ";"Madrid";"Carabanchel";28047;914220250;914651108;"Público";"HAITI";"OK"
"Madrid-Capital";28005489;"CP INF-PRI";"HERMANOS PINZON";"Calle Del Azor, 4 ";"Madrid";"Latina";28024;915186040;915186040;"Público";"HERMANOS PINZON";"OK"
"Madrid-Capital";28005490;"CP INF-PRI";"HERNAN CORTES";"Calle De Los Yébenes, 241 ";"Madrid";"Latina";28047;917176844;917180472;"Público";"HERNAN CORTES";"OK"
"Madrid-Capital";28005519;"CP INF-PRI";"HONDURAS";"Paseo De Federico García Lorca, 19 ";"Madrid";"Villa de Vallecas";28031;913325719;913325719;"Público";"HONDURAS";"OK"
"Madrid-Capital";28040106;"CP INF-PRI";"HORTALEZA";"Calle De Valdetorres De Jarama, 1 ";"Madrid";"Hortaleza";28033;917642900;913816099;"Público";"HORTALEZA";"OK"
"Madrid-Capital";28025971;"CP INF-PRI";"IGNACIO ZULOAGA";"Calle De Alejandro Rodríguez, 34 ";"Madrid";"Tetuán";28039;914509620;913980080;"Público";"IGNACIO ZULOAGA";"OK"
"Madrid-Capital";28063787;"CP INF-PRI";"INFANTA LEONOR";"Calle Monasterio De El Paular, 140 ";"Madrid";"Fuencarral-El Pardo";28049;917508788;917508847;"Público";"INFANTA LEONOR";"OK"
"Madrid-Capital";28004552;"CP INF-PRI";"ISAAC ALBENIZ";"Calle De La Drácena, 29 ";"Madrid";"Chamartín";28016;913596972;913596972;"Público";"ISAAC ALBENIZ";"OK"
"Madrid-Capital";28005568;"CP INF-PRI";"ISAAC PERAL";"Glorieta De Rufino Novalvos, 5 ";"Madrid";"Carabanchel";28025;914726780;914726780;"Público";"ISAAC PERAL";"OK"
"Madrid-Capital";28010710;"CP INF-PRI";"ISABEL LA CATOLICA";"Calle De Barceló, 2 ";"Madrid";"Centro";28004;915217840;915229393;"Público";"ISABEL LA CATOLICA";"OK"
"Madrid-Capital";28005601;"CP INF-PRI";"JAIME BALMES";"Calle De Sierra De La Solana, 2 ";"Madrid";"Puente de Vallecas";28053;914785884;914771646;"Público";"JAIME BALMES";"OK"
"Madrid-Capital";28050343;"CP INF-PRI";"JAIME VERA";"Calle De Bravo Murillo, 162 ";"Madrid";"Tetuán";28020;915723019;915709453;"Público";"JAIME VERA";"OK"
"Madrid-Capital";28005623;"CP INF-PRI";"JAVIER DE MIGUEL";"Calle Del Puerto De Viñamala, 11 ";"Madrid";"Puente de Vallecas";28018;913035102;913805770;"Público";"JAVIER DE MIGUEL";"OK"
"Madrid-Capital";28010722;"CP INF-PRI";"JOAQUIN COSTA";"Paseo De Pontones, 8 ";"Madrid";"Arganzuela";28005;913653632;913653559;"Público";"JOAQUIN COSTA";"OK"
"Madrid-Capital";28005635;"CP INF-PRI";"JOAQUIN DICENTA";"Paseo Olivos, 70 ";"Madrid";"Latina";28011;914632093;917550696;"Público";"JOAQUIN DICENTA";"OK"
"Madrid-Capital";28021306;"CP INF-PRI";"JOAQUIN TURINA";"Calle De Arturo Soria, 332 ";"Madrid";"Ciudad Lineal";28033;913025556;913022741;"Público";"JOAQUIN TURINA";"OK"
"Madrid-Capital";28021057;"CP INF-PRI";"JORGE GUILLEN";"Avenida De El Ferrol, 47 ";"Madrid";"Fuencarral-El Pardo";28029;917393801;917393801;"Público";"JORGE GUILLEN";"OK"
"Madrid-Capital";28005817;"CP INF-PRI";"JORGE MANRIQUE";"Plaza Del Pintor Lucas, 17 ";"Madrid";"Usera";28026;915656300;915691615;"Público";"JORGE MANRIQUE";"OK"
"Madrid-Capital";28038321;"CP INF-PRI";"JOSE BERGAMIN";"Calle De Braille, 19 ";"Madrid";"Fuencarral-El Pardo";28034;917355560;917345042;"Público";"JOSE BERGAMIN";"OK"
"Madrid-Capital";28010746;"CP INF-PRI";"JOSE CALVO SOTELO";"Avenida De La Ciudad De Barcelona, 83 ";"Madrid";"Retiro";28007;914337125;914336781;"Público";"JOSE CALVO SOTELO";"OK"
"Madrid-Capital";28074256;"CP INF-PRI";"JOSE DE ECHEGARAY";"Calle De Puentedey, 14 ";"Madrid";"Villa de Vallecas";28051;911996781;911996782;"Público";"JOSE DE ECHEGARAY";"OK"
"Madrid-Capital";28005660;"CP INF-PRI";"JOSE MARIA DE PEREDA";"Calle De Mestanza, 94 ";"Madrid";"Puente de Vallecas";28053;915072651;917861787;"Público";"JOSE MARIA DE PEREDA";"OK"
"Madrid-Capital";28021461;"CP INF-PRI";"JOSE ORTEGA Y GASSET";"Calle De Orense, 87 ";"Madrid";"Tetuán";28020;915720997;915701341;"Público";"JOSE ORTEGA Y GASSET";"OK"
"Madrid-Capital";28071361;"CP INF-PRI";"JOSEP TARRADELLAS";"Calle De Triacastela, 1 ";"Madrid";"Fuencarral-El Pardo";28050;914274125;914274161;"Público";"JOSEP TARRADELLAS";"OK"
"Madrid-Capital";28005684;"CP INF-PRI";"JOVELLANOS";"Calle De Monroy, 34 ";"Madrid";"Latina";28044;917055018;915095089;"Público";"JOVELLANOS";"OK"
"Madrid-Capital";28005696;"CP INF-PRI";"JUAN DE LA CIERVA";"Calle De Villarrosa, 7 ";"Madrid";"Villaverde";28041;917230235;917965560;"Público";"JUAN DE LA CIERVA";"OK"
"Madrid-Capital";28026535;"CP INF-PRI";"JUAN GRIS";"Calle De Muela De San Juan, 31 ";"Madrid";"Villa de Vallecas";28031;913327264;913327263;"Público";"JUAN GRIS";"OK"
"Madrid-Capital";28005714;"CP INF-PRI";"JUAN RAMON JIMENEZ";"Calle Del Marqués De Viana, 58 ";"Madrid";"Tetuán";28039;915717512;914250976;"Público";"JUAN RAMON JIMENEZ";"OK"
"Madrid-Capital";28005726;"CP INF-PRI";"JUAN SEBASTIAN ELCANO";"Calle De Mirasierra, 29 ";"Madrid";"Usera";28026;685477556;914768107;"Público";"JUAN SEBASTIAN ELCANO";"OK"
"Madrid-Capital";28020533;"CP INF-PRI";"JUAN ZARAGUETA";"Calle Vía De Los Poblados, 17 ";"Madrid";"Hortaleza";28033;917630869;917630869;"Público";"JUAN ZARAGUETA";"OK"
"Madrid-Capital";28031488;"CP INF-PRI";"JULIAN BESTEIRO";"Avenida De Abrantes, 79 ";"Madrid";"Carabanchel";28025;915600091;915655204;"Público";"JULIAN BESTEIRO";"OK"
"Madrid-Capital";28063805;"CP INF-PRI";"JULIAN MARIAS";"Calle De Budapest, 11 ";"Madrid";"San Blas-Canillejas";28022;917609323;917609319;"Público";"JULIAN MARIAS";"OK"
"Madrid-Capital";28006411;"CP INF-PRI";"LA ALAMEDA";"Calle De Las Musas, 9 ";"Madrid";"San Blas-Canillejas";28022;917411453;913204540;"Público";"LA ALAMEDA";"OK"
"Madrid-Capital";28037375;"CP INF-PRI";"LA DEHESA DEL PRINCIPE";"Paseo De Lanceros, 4 ";"Madrid";"Latina";28024;915091679;915090044;"Público";"LA DEHESA DEL PRINCIPE";"OK"
"Madrid-Capital";28031099;"CP INF-PRI";"LA LATINA";"Calle De Maqueda, 130 ";"Madrid";"Latina";28024;915099915;917196252;"Público";"LA LATINA";"OK"
"Madrid-Capital";28033931;"CP INF-PRI";"LA RIOJA";"Calle De León Felipe, 3 ";"Madrid";"Puente de Vallecas";28038;917773912;917773912;"Público";"LA RIOJA";"OK"
"Madrid-Capital";28010761;"CP INF-PRI";"LEGADO CRESPO";"Paseo De Las Acacias, 2 ";"Madrid";"Arganzuela";28005;915286325;915286325;"Público";"LEGADO CRESPO";"OK"
"Madrid-Capital";28010898;"CP INF-PRI";"LEOPOLDO ALAS";"Calle De Pedrezuela, 18 ";"Madrid";"Ciudad Lineal";28017;914033755;914042281;"Público";"LEOPOLDO ALAS";"OK"
"Madrid-Capital";28069820;"CP INF-PRI";"LEOPOLDO CALVO-SOTELO";"Calle De Puente La Reina, S/n ";"Madrid";"Fuencarral-El Pardo";28050;914273351;914273083;"Público";"LEOPOLDO CALVO SOTELO";"Colegio incluido en BBDD de Ayuntamiento con otro nombre"
"Madrid-Capital";28010771;"CP INF-PRI";"LEPANTO";"Calle De Valderrey, 9 ";"Madrid";"Moncloa-Aravaca";28035;913160937;913738204;"Público";"LEPANTO";"OK"
"Madrid-Capital";28010783;"CP INF-PRI";"LOPE DE VEGA";"Calle De Inglaterra, 8 ";"Madrid";"Carabanchel";28019;914710955;914721124;"Público";"LOPE DE VEGA";"OK"
"Madrid-Capital";28020867;"CP INF-PRI";"LORENZO LUZURIAGA";"Calle De Valencia De Don Juan, 19 ";"Madrid";"Fuencarral-El Pardo";28034;917305938;917314362;"Público";"LORENZO LUZURIAGA";"OK"
"Madrid-Capital";28050355;"CP INF-PRI";"LOS ALMENDROS";"Calle De Ladera De Los Almendros, 45 ";"Madrid";"Vicálvaro";28032;917510982;917726814;"Público";"LOS ALMENDROS";"OK"
"Madrid-Capital";28006214;"CP INF-PRI";"LOS ROSALES";"Avenida De Los Rosales, 131 ";"Madrid";"Villaverde";28021;917956756;917988116;"Público";"LOS ROSALES";"OK"
"Madrid-Capital";28069169;"CP INF-PRI";"LOYOLA DE PALACIO";"Calle Del Embalse De Navacerrada, 60 ";"Madrid";"Villa de Vallecas";28051;913851330;913326020;"Público";"LOYOLA DE PALACIO";"OK"
"Madrid-Capital";28005571;"CP INF-PRI";"LUIS BELLO";"Calle De Luis Cabrera, 66 ";"Madrid";"Chamartín";28002;912205533;912205535;"Público";"LUIS BELLO";"OK"
"Madrid-Capital";28021367;"CP INF-PRI";"LUIS CERNUDA";"Calle Del Carril Del Conde, 64 ";"Madrid";"Hortaleza";28043;913002732;913002732;"Público";"LUIS CERNUDA";"OK"
"Madrid-Capital";28005741;"CP INF-PRI";"LUIS DE GONGORA";"Calle De Sarriá, 49 ";"Madrid";"Fuencarral-El Pardo";28029;913860816;913768253;"Público";"LUIS DE GONGORA";"OK"
"Madrid-Capital";28045086;"CP INF-PRI";"MADRID-SUR";"Calle Del Puerto De Balbarán, 133 ";"Madrid";"Puente de Vallecas";28018;917855539;917855539;"Público";"MADRID SUR";"Colegio incluido en BBDD de Ayuntamiento con otro nombre"
"Madrid-Capital";28072466;"CP INF-PRI";"MAESTRO PADILLA";"Avenida De La Peseta C/v Vía Lusitana, S/n ";"Madrid";"Carabanchel";28054;911731852;911724720;"Público";"MAESTRO PADILLA";"OK"
"Madrid-Capital";28010795;"CP INF-PRI";"MANUEL BARTOLOME COSSIO";"Calle De José De Cadalso, 19 ";"Madrid";"Latina";28044;917064098;917064098;"Público";"MANUEL BARTOLOME COSSIO";"OK"
"Madrid-Capital";28005763;"CP INF-PRI";"MANUEL DE FALLA";"Avenida Real De Pinto, 27 ";"Madrid";"Villaverde";28021;917971448;915052511;"Público";"MANUEL DE FALLA";"OK"
"Madrid-Capital";28010862;"CP INF-PRI";"MANUEL NUÑEZ DE ARENAS";"Calle De Martos, 120 ";"Madrid";"Puente de Vallecas";28053;917855972;917860204;"Público";"MANUEL NUÑEZ DE ARENAS";"OK"
"Madrid-Capital";28010801;"CP INF-PRI";"MANUEL SAINZ DE VICUÑA";"Calle Del Camino De Los Vinateros, 104 ";"Madrid";"Moratalaz";28030;914391349;913285625;"Público";"MANUEL SAINZ DE VICUÑA";"OK"
"Madrid-Capital";28010813;"CP INF-PRI";"MARCELO USERA";"Calle De Perales De Tajuña, 1 ";"Madrid";"Usera";28026;914753495;917923840;"Público";"MARCELO USERA";"OK"
"Madrid-Capital";28074578;"CP INF-PRI";"MARGARET THATCHER";"Glorieta De La Playa De San Lorenzo, S/n ";"Madrid";"Barajas";28042;913056086;913055404;"Público";"MARGARET THATCHER";"OK"
"Madrid-Capital";28049377;"CP INF-PRI";"MARIA MOLINER";"Calle De Arcos De Jalón, 34 ";"Madrid";"San Blas-Canillejas";28037;913133969;913069463;"Público";"MARIA MOLINER";"OK"
"Madrid-Capital";28031348;"CP INF-PRI";"MARIANO JOSE DE LARRA";"Calle De Longares, 11 ";"Madrid";"San Blas-Canillejas";28022;913133789;917759574;"Público";"MARIANO JOSE DE LARRA";"OK"
"Madrid-Capital";28005830;"CP INF-PRI";"MARQUES DE MARCENADO";"Calle De Linneo, 31 ";"Madrid";"Arganzuela";28005;913658588;913669822;"Público";"MARQUES DE MARCENADO";"OK"
"Madrid-Capital";28021148;"CP INF-PRI";"MARQUES DE SUANZES";"Avenida Del Veinticinco De Septiembre, 1 ";"Madrid";"San Blas-Canillejas";28027;917412072;913203617;"Público";"MARQUES DE SUANZES";"OK"
"Madrid-Capital";28018496;"CP INF-PRI";"MARTINEZ MONTAÑES";"Calle De Hacienda De Pavones, 223 ";"Madrid";"Moratalaz";28030;917738878;917738878;"Público";"MARTINEZ MONTAÑES";"OK"
"Madrid-Capital";28005866;"CP INF-PRI";"MEJICO";"Avenida De Badajoz, 74 ";"Madrid";"Ciudad Lineal";28027;914035744;914045880;"Público";"MEJICO (MEXICO)";"Colegio incluido en BBDD de Ayuntamiento con otro nombre"
"Madrid-Capital";28005878;"CP INF-PRI";"MENDEZ NUNEZ";"Calle De Alicun, 9 ";"Madrid";"Hortaleza";28033;913024834;913024834;"Público";"MENDEZ NUÑEZ";"Colegio incluido en BBDD de Ayuntamiento con otro nombre"
"Madrid-Capital";28005891;"CP INF-PRI";"MENENDEZ PIDAL";"Calle De La Encomienda De Palacios, 85 ";"Madrid";"Moratalaz";28030;917736781;913016012;"Público";"MENENDEZ PIDAL";"OK"
"Madrid-Capital";28005881;"CP INF-PRI";"MENENDEZ Y PELAYO";"Calle De Méndez Álvaro, 16 ";"Madrid";"Arganzuela";28045;915272781;915397381;"Público";"MENENDEZ PELAYO";"Colegio incluido en BBDD de Ayuntamiento con otro nombre"
"Madrid-Capital";28029123;"CP INF-PRI";"MESETA DE ORCASITAS";"Calle Del Camino Viejo De Villaverde, 1 ";"Madrid";"Usera";28041;913413045;913417861;"Público";"MESETA DE ORCASITAS";"OK"
"Madrid-Capital";28005908;"CP INF-PRI";"MESONERO ROMANOS";"Calle De Pont De Molins, 31 ";"Madrid";"Puente de Vallecas";28038;913037096;913800850;"Público";"MESONERO ROMANOS";"OK"
"Madrid-Capital";28010849;"CP INF-PRI";"MIGUEL BLASCO VILATELA";"Calle De Los Hermanos García Noblejas, 70 ";"Madrid";"Ciudad Lineal";28017;913043999;914402072;"Público";"MIGUEL BLASCO VILATELA";"OK"
"Madrid-Capital";28010850;"CP INF-PRI";"MIGUEL DE UNAMUNO";"Calle De Alicante, 5 ";"Madrid";"Arganzuela";28045;915282554;915282554;"Público";"MIGUEL DE UNAMUNO";"OK"
"Madrid-Capital";28031051;"CP INF-PRI";"MIGUEL SERVET";"Calle De La Fragata, 33 ";"Madrid";"Carabanchel";28019;914611757;914627953;"Público";"MIGUEL SERVET";"OK"
"Madrid-Capital";28038343;"CP INF-PRI";"MIRASIERRA";"Calle De La Maso, 22 ";"Madrid";"Fuencarral-El Pardo";28034;917345665;917350356;"Público";"MIRASIERRA";"OK"
"Madrid-Capital";28045104;"CP INF-PRI";"MONTE DE EL PARDO";"Avenida De La Guardia, 19 ";"Madrid";"Fuencarral-El Pardo";28048;913760692;913760636;"Público";"MONTE DE EL PARDO";"OK"
"Madrid-Capital";28005911;"CP INF-PRI";"NAVAS DE TOLOSA";"Calle De Benimamet, 109 ";"Madrid";"Villaverde";28021;917976083;917976083;"Público";"NAVAS DE TOLOSA";"OK"
"Madrid-Capital";28010886;"CP INF-PRI";"NTRA. SRA. DE LA ALMUDENA";"Calle De Lope De Rueda, 48 ";"Madrid";"Retiro";28009;915735899;915743106;"Público";"NUESTRA SEÑORA DE LA ALMUDENA";"Colegio incluido en BBDD de Ayuntamiento con otro nombre"
"Madrid-Capital";28005945;"CP INF-PRI";"NTRA. SRA. DE LA CONCEPCION";"Calle De La Virgen Del Sagrario, 24 ";"Madrid";"Ciudad Lineal";28027;914040275;914047955;"Público";"NUESTRA SEÑORA DE LA CONCEPCION";"Colegio incluido en BBDD de Ayuntamiento con otro nombre"
"Madrid-Capital";28025968;"CP INF-PRI";"NTRA. SRA. DE LA FUENCISLA";"Calle De Tomelloso, 39 ";"Madrid";"Usera";28026;914754327;915001173;"Público";"NUESTRA SEÑORA DE LA FUENCISLA";"Colegio incluido en BBDD de Ayuntamiento con otro nombre"
"Madrid-Capital";28039372;"CP INF-PRI";"NTRA. SRA. DE LA LUZ";"Calle Del Bismuto, 1 ";"Madrid";"Villaverde";28021;917950766;917975020;"Público";"NUESTRA SEÑORA DE LA LUZ";"Colegio incluido en BBDD de Ayuntamiento con otro nombre"
"Madrid-Capital";28013309;"CP INF-PRI";"NTRA. SRA. DE LA PALOMA";"Calle De Tabernillas, 2 ";"Madrid";"Centro";28005;913640630;913653675;"Público";"NUESTRA SEÑORA DE LA PALOMA";"Colegio incluido en BBDD de Ayuntamiento con otro nombre"
"Madrid-Capital";28020740;"CP INF-PRI";"NTRA. SRA. DEL LUCERO";"Calle De Muñico, 1 ";"Madrid";"Latina";28047;914647678;914647678;"Público";"NUESTRA SEÑORA DEL LUCERO";"Colegio incluido en BBDD de Ayuntamiento con otro nombre"
"Madrid-Capital";28031351;"CP INF-PRI";"PABLO PICASSO";"Calle De Ángel Luis De La Herrán, 35 ";"Madrid";"Hortaleza";28043;913821795;917646297;"Público";"PABLO PICASSO";"OK"
"Madrid-Capital";28005994;"CP INF-PRI";"PADRE COLOMA";"Calle De Gutiérrez Canales, 19 ";"Madrid";"San Blas-Canillejas";28022;917426447;917412598;"Público";"PADRE COLOMA";"OK"
"Madrid-Capital";28006007;"CP INF-PRI";"PADRE MARIANA";"Ronda Sur, 145 ";"Madrid";"Puente de Vallecas";28053;917861773;917861773;"Público";"PADRE MARIANA";"OK"
"Madrid-Capital";28006020;"CP INF-PRI";"PADRE POVEDA";"Avenida De Alfonso Xiii, 23 ";"Madrid";"Chamartín";28002;914151195;914162781;"Público";"PADRE POVEDA";"OK"
"Madrid-Capital";28010916;"CP INF-PRI";"PALACIO VALDES";"Paseo Del Prado, 38 ";"Madrid";"Centro";28014;914203370;914203370;"Público";"PALACIO VALDES";"OK"
"Madrid-Capital";28029238;"CP INF-PRI";"PALOMERAS BAJAS";"Calle De Felipe De Diego, 6 ";"Madrid";"Puente de Vallecas";28018;917854817;917853110;"Público";"PALOMERAS BAJAS";"OK"
"Madrid-Capital";28006044;"CP INF-PRI";"PARQUE ALUCHE";"Calle De Quero, 47 ";"Madrid";"Latina";28024;917178190;917178050;"Público";"PARQUE ALUCHE";"OK"
"Madrid-Capital";28035548;"CP INF-PRI";"PARQUE EUGENIA DE MONTIJO";"Calle Del Parque Eugenia De Montijo, 28-a ";"Madrid";"Carabanchel";28047;914615653;914615603;"Público";"PARQUE EUGENIA DE MONTIJO";"OK"
"Madrid-Capital";28028416;"CP INF-PRI";"PASAMONTE";"Avenida Del Doctor García Tapia, 47 ";"Madrid";"Moratalaz";28030;914305366;914376535;"Público";"PASAMONTE";"OK"
"Madrid-Capital";28010931;"CP INF-PRI";"PATRIARCA OBISPO EIJO GARAY";"Calle De López De Hoyos, 40 ";"Madrid";"Chamartín";28006;917450282;917451152;"Público";"PATRIARCA OBISPO EIJO Y GARAY";"Colegio incluido en BBDD de Ayuntamiento con otro nombre"
"Madrid-Capital";28060211;"CP INF-PRI";"PEDRO DUQUE";"Calle De Marmolina, 5 ";"Madrid";"Vicálvaro";28032;917762363;917753209;"Público";"PEDRO DUQUE";"OK"
"Madrid-Capital";28006056;"CP INF-PRI";"PERU";"Calle De Baleares, 18 ";"Madrid";"Carabanchel";28019;915691465;915692867;"Público";"PERU";"OK"
"Madrid-Capital";28010679;"CP INF-PRI";"PI I MARGALL";"Plaza Del Dos De Mayo, 2 ";"Madrid";"Centro";28004;915323420;915231075;"Público";"PI I MARGALL";"OK"
"Madrid-Capital";28063763;"CP INF-PRI";"PINAR DE SAN JOSE";"Calle Patrimonio De La Humanidad, 39 ";"Madrid";"Carabanchel";28054;915112417;915112418;"Público";"PINAR DE SAN JOSE";"OK"
"Madrid-Capital";28006068;"CP INF-PRI";"PINAR DEL REY";"Avenida De San Luis, 23 ";"Madrid";"Hortaleza";28033;917664763;917680970;"Público";"PINAR DEL REY";"OK"
"Madrid-Capital";28021045;"CP INF-PRI";"PINTOR ROSALES";"Calle Del Príncipe De Vergara, 139 ";"Madrid";"Chamartín";28002;915623948;915638730;"Público";"PINTOR ROSALES";"OK"
"Madrid-Capital";28021434;"CP INF-PRI";"PIO BAROJA";"Calle De Luis De Hoyos Sáinz, 84 ";"Madrid";"Moratalaz";28030;917739618;917739618;"Público";"PIO BAROJA";"OK"
"Madrid-Capital";28006071;"CP INF-PRI";"PIO XII";"Calle Del Delfín, 2 ";"Madrid";"Tetuán";28029;913151221;917336758;"Público";"PIO XII";"OK"
"Madrid-Capital";28071371;"CP INF-PRI";"PLACIDO DOMINGO";"Calle Del Tejo, 5 ";"Madrid";"Arganzuela";28045;917650789;915302878;"Público";;"Colegio no incluido en BBDD de Ayuntamiento"
"Madrid-Capital";28010357;"CP INF-PRI";"PORTUGAL";"Calle De Juan Álvarez Mendizábal, 20 ";"Madrid";"Moncloa-Aravaca";28008;915417330;915417330;"Público";"PORTUGAL";"OK"
"Madrid-Capital";28030401;"CP INF-PRI";"PRADOLONGO";"Calle Del Parque De La Paloma, 9 ";"Madrid";"Usera";28026;914693581;914692532;"Público";"PRADOLONGO";"OK"
"Madrid-Capital";28029111;"CP INF-PRI";"PRINCIPE DE ASTURIAS";"Carretera Colmenar Viejo, Km 15 ";"Madrid";"Fuencarral-El Pardo";28049;917355115;917355003;"Público";"PRINCIPE DE ASTURIAS";"OK"
"Madrid-Capital";28006101;"CP INF-PRI";"PUERTO RICO";"Calle Del Segura, 74 ";"Madrid";"Usera";28041;913412726;913416960;"Público";"PUERTO RICO";"OK"
"Madrid-Capital";28021321;"CP INF-PRI";"RABINDRANATH TAGORE";"Calle De Julio Palacios, 35 ";"Madrid";"Fuencarral-El Pardo";28029;917332373;913232892;"Público";"RABINDRANATH TAGORE";"OK"
"Madrid-Capital";28006123;"CP INF-PRI";"RAMIRO DE MAEZTU";"Calle De Serrano, 127 ";"Madrid";"Chamartín";28006;915616249;915647056;"Público";"RAMIRO DE MAEZTU";"OK"
"Madrid-Capital";28010941;"CP INF-PRI";"RAMON GOMEZ DE LA SERNA";"Calle De Godella, 170 ";"Madrid";"Villaverde";28021;917972522;917972554;"Público";"RAMON GOMEZ DE LA SERNA";"OK"
"Madrid-Capital";28025956;"CP INF-PRI";"RAMON MARIA DEL VALLE INCLAN";"Calle De Alconera, 1 ";"Madrid";"San Blas-Canillejas";28037;913130739;913130739;"Público";"RAMON MARIA DEL VALLE INCLAN";"OK"
"Madrid-Capital";28026067;"CP INF-PRI";"RAMON PEREZ DE AYALA";"Calle De Motilla Del Palancar, 19 ";"Madrid";"Hortaleza";28043;917592205;917599412;"Público";"RAMON PEREZ DE AYALA";"OK"
"Madrid-Capital";28010953;"CP INF-PRI";"REAL ARMADA";"Calle Del Corregidor Juan Francisco De Luján, 114 ";"Madrid";"Moratalaz";28030;917736583;917736583;"Público";"REAL ARMADA";"OK"
"Madrid-Capital";28006135;"CP INF-PRI";"REGIMIENTO INMEMORIAL DEL REY";"Avenida De Moratalaz, 51 ";"Madrid";"Moratalaz";28030;914390948;913282535;"Público";"REGIMIENTO INMEMORIAL DEL REY";"OK"
"Madrid-Capital";28005431;"CP INF-PRI";"REINA VICTORIA";"Calle Del Príncipe De Vergara, 61 ";"Madrid";"Salamanca";28006;915631283;914113067;"Público";"REINA VICTORIA";"OK"
"Madrid-Capital";28010977;"CP INF-PRI";"REPUBLICA DE CHILE";"Calle Del Castillo De Uclés, 28 ";"Madrid";"San Blas-Canillejas";28037;913046658;913046658;"Público";"REPUBLICA DE CHILE";"OK"
"Madrid-Capital";28010965;"CP INF-PRI";"REPUBLICA DE COLOMBIA";"Plaza De Alloz, 3 ";"Madrid";"Carabanchel";28025;914650587;914650587;"Público";"REPUBLICA DE COLOMBIA";"OK"
"Madrid-Capital";28006172;"CP INF-PRI";"REPUBLICA DE ECUADOR";"Calle Del Valle De Oro, 41 ";"Madrid";"Carabanchel";28019;914603284;914603284;"Público";"REPUBLICA DE ECUADOR";"OK"
"Madrid-Capital";28010989;"CP INF-PRI";"REPUBLICA DE EL SALVADOR";"Camino De Sacedón, 2 ";"Madrid";"Villaverde";28021;917964041;917987815;"Público";"REPUBLICA DE EL SALVADOR";"OK"
"Madrid-Capital";28010928;"CP INF-PRI";"REPUBLICA DE PANAMA Nº 1";"Calle De Los Peones, S/n ";"Madrid";"San Blas-Canillejas";28037;913065472;913065472;"Público";;"Colegio no incluido en BBDD de Ayuntamiento"
"Madrid-Capital";28006202;"CP INF-PRI";"REPUBLICA DE VENEZUELA";"Calle De Cerecinos, 8 ";"Madrid";"Usera";28026;915698392;914695258;"Público";"REPUBLICA DE VENEZUELA";"OK"
"Madrid-Capital";28006159;"CP INF-PRI";"REPUBLICA DEL BRASIL";"Avenida De Los Fueros, 34 ";"Madrid";"Usera";28041;917923478;917920822;"Público";"REPUBLICA DE BRASIL";"Colegio incluido en BBDD de Ayuntamiento con otro nombre"
"Madrid-Capital";28006184;"CP INF-PRI";"REPUBLICA DEL PARAGUAY";"Calle De Manresa, 60 ";"Madrid";"Fuencarral-El Pardo";28034;917343888;917351680;"Público";"REPUBLICA DE PARAGUAY";"Colegio incluido en BBDD de Ayuntamiento con otro nombre"
"Madrid-Capital";28006196;"CP INF-PRI";"REPUBLICA DEL URUGUAY";"Avenida De Nuestra Señora De Valvanera, 120 ";"Madrid";"Latina";28047;914661360;914613919;"Público";"REPUBLICA DE URUGUAY";"Colegio incluido en BBDD de Ayuntamiento con otro nombre"
"Madrid-Capital";28006160;"CP INF-PRI";"REPUBLICA DOMINICANA";"Ronda De Don Bosco, 2 ";"Madrid";"Carabanchel";28044;914629060;914662819;"Público";"REPUBLICA DOMINICANA";"OK"
"Madrid-Capital";28041767;"CP INF-PRI";"ROSA LUXEMBURGO";"Calle Del Bardegueral, 16 ";"Madrid";"Moncloa-Aravaca";28023;913570212;913570661;"Público";"ROSA LUXEMBURGO";"OK"
"Madrid-Capital";28006238;"CP INF-PRI";"RUFINO BLANCO";"Calle Del General Álvarez De Castro, 46 ";"Madrid";"Chamberí";28010;914484083;915944701;"Público";"RUFINO BLANCO";"OK"
"Madrid-Capital";28006251;"CP INF-PRI";"SAGUNTO";"Calle De Paterna, 14 ";"Madrid";"Villaverde";28021;917976726;917976726;"Público";"SAGUNTO";"OK"
"Madrid-Capital";28019658;"CP INF-PRI";"SAN BENITO";"Calle De Juan Pérez Zúñiga, 36 ";"Madrid";"Ciudad Lineal";28027;913670800;913670800;"Público";"SAN BENITO";"OK"
"Madrid-Capital";28006263;"CP INF-PRI";"SAN CARLOS";"Calle De Geología, 2 ";"Madrid";"Villaverde";28021;917966105;917979728;"Público";"SAN CARLOS";"OK"
"Madrid-Capital";28010990;"CP INF-PRI";"SAN CRISTOBAL";"Calle De Bravo Murillo, 39 ";"Madrid";"Chamberí";28015;914481381;914480206;"Público";"SAN CRISTOBAL";"OK"
"Madrid-Capital";28006275;"CP INF-PRI";"SAN EUGENIO Y SAN ISIDRO";"Calle De Peñuelas, 31 ";"Madrid";"Arganzuela";28005;914737711;914737785;"Público";"SAN EUGENIO Y SAN ISIDRO";"OK"
"Madrid-Capital";28006305;"CP INF-PRI";"SAN IGNACIO DE LOYOLA";"Avenida De Abrantes, 1 ";"Madrid";"Carabanchel";28025;915651989;914698461;"Público";"SAN IGNACIO DE LOYOLA";"OK"
"Madrid-Capital";28006317;"CP INF-PRI";"SAN ILDEFONSO";"Calle De Alfonso Vi, 1 ";"Madrid";"Centro";28005;913643923;913641170;"Público";"SAN ILDEFONSO";"OK"
"Madrid-Capital";28006329;"CP INF-PRI";"SAN ISIDORO";"Calle De Fuenterrabía, 15 ";"Madrid";"Retiro";28014;915514845;915015983;"Público";"SAN ISIDORO";"OK"
"Madrid-Capital";28030472;"CP INF-PRI";"SAN JUAN BAUTISTA";"Calle De Sorzano, 1 ";"Madrid";"Ciudad Lineal";28043;914131225;915194638;"Público";"SAN JUAN BAUTISTA";"OK"
"Madrid-Capital";28011015;"CP INF-PRI";"SAN JUAN BOSCO";"Calle De Santa Irene, 2 ";"Madrid";"Ciudad Lineal";28017;914053610;914043233;"Público";"SAN JUAN BOSCO";"OK"
"Madrid-Capital";28006354;"CP INF-PRI";"SAN JUAN DE LA CRUZ";"Calle De Honduras, 10 ";"Madrid";"Chamartín";28016;913453044;913509861;"Público";"SAN JUAN DE LA CRUZ";"OK"
"Madrid-Capital";28019567;"CP INF-PRI";"SAN MIGUEL";"Avenida De La Virgen Del Carmen, 32 ";"Madrid";"Hortaleza";28033;917639281;917639281;"Público";"SAN MIGUEL";"OK"
"Madrid-Capital";28006366;"CP INF-PRI";"SAN PABLO";"Plaza De Peña Morraz, 1 ";"Madrid";"Puente de Vallecas";28038;913031550;913031550;"Público";"SAN PABLO";"OK"
"Madrid-Capital";28014272;"CP INF-PRI";"SAN ROQUE";"Calle Del Oxígeno, 43 ";"Madrid";"Villaverde";28021;917962774;917100003;"Público";"SAN ROQUE";"OK"
"Madrid-Capital";28006381;"CP INF-PRI";"SANTA MARIA";"Calle Del Casino, 7 ";"Madrid";"Centro";28005;915275281;914673704;"Público";"SANTA MARIA";"OK"
"Madrid-Capital";28006391;"CP INF-PRI";"SANTO DOMINGO";"Calle De San Feliu De Guixols, 7 ";"Madrid";"Puente de Vallecas";28038;917785293;913037833;"Público";"SANTO DOMINGO";"OK"
"Madrid-Capital";28006408;"CP INF-PRI-SEC";"TIRSO DE MOLINA";"Calle Del Bronce, 1 ";"Madrid";"Arganzuela";28045;915278932;914683695;"Público";"TIRSO DE MOLINA";"OK"
"Madrid-Capital";28010394;"CP INF-PRI";"TOMAS BRETON";"Calle De Alejandro Dumas, 4 ";"Madrid";"Arganzuela";28005;913642214;913667387;"Público";"TOMAS BRETON";"OK"
"Madrid-Capital";28045098;"CP INF-PRI";"VALDEBERNARDO";"Calle Del Tren De Arganda, 9 ";"Madrid";"Vicálvaro";28032;913713523;913051773;"Público";"VALDEBERNARDO";"OK"
"Madrid-Capital";28004941;"CP INF-PRI";"VASCO NUÑEZ DE BALBOA";"Calle De Nuestra Señora De Valverde, 149 ";"Madrid";"Fuencarral-El Pardo";28034;917343267;917355336;"Público";"VASCO NUÑEZ DE BALBOA";"OK"
"Madrid-Capital";28011040;"CP INF-PRI";"VAZQUEZ DE MELLA";"Calle De Bailén, 18 ";"Madrid";"Centro";28005;913654878;913665312;"Público";"VAZQUEZ DE MELLA";"OK"
"Madrid-Capital";28030411;"CP INF-PRI";"VICALVARO";"Calle De Forges, 15 ";"Madrid";"Vicálvaro";28032;917769938;913718488;"Público";"VICALVARO";"OK"
"Madrid-Capital";28025981;"CP INF-PRI";"VIRGEN DEL CERRO";"Calle De Mohernando, 1 ";"Madrid";"Puente de Vallecas";28038;917785083;917784994;"Público";"VIRGEN DEL CERRO";"OK"
"Madrid-Capital";28031075;"CP INF-PRI";"VIRGEN DEL CORTIJO";"Avenida De Manoteras, 41 ";"Madrid";"Hortaleza";28050;917661215;913844438;"Público";"VIRGEN DEL CORTIJO";"OK"
"Madrid-Capital";28066090;"CP INF-PRI";"WINSTON CHURCHILL";"Avenida De La Gran Vía Del Este, 5 ";"Madrid";"Vicálvaro";28032;913716066;917604921;"Público";"WINSTON CHURCHILL";"OK"
